{"cameraMode":{"drawMode":0,"name":"Shaded","section":"Shading Mode"},"sceneLighting":false,"audioPlay":false,"sceneViewState":{"showFog":true,"showMaterialUpdate":false,"showSkybox":false,"showFlares":true,"showImageEffects":true,"showParticleSystems":true},"in2DMode":false,"pivot":{"x":-0.7874999642372131,"y":0.5924999713897705,"z":0.0},"rotation":{"x":-0.19676423072814942,"y":0.6116236448287964,"z":-0.16061723232269288,"w":-0.7492687106132507},"size":4.4869232177734379,"orthographic":false}